Type	EXO1_knockout	FANCC_knockout	MSH6_knockout
A[C>A]A	0.0	0.0	0.0
A[C>A]C	0.0145452788247801	0.01806684733514	0.0032753480484669
A[C>A]G	0.0037208852807577	0.0014679313459801	0.0002940291567517
A[C>A]T	0.0	0.0	0.0
C[C>A]A	0.009519667536484	0.0041779584462511	0.009080714422472
C[C>A]C	0.0039625012080796	0.0	0.0276524165093953
C[C>A]G	0.0024161592732192	0.0048554652213188	0.0060310166570936
C[C>A]T	0.0170097612834638	0.0007904245709123	0.0706011870572468
G[C>A]A	0.0	0.0	0.0005333552145729
G[C>A]C	0.0427660191359814	0.0	0.0099833155548261
G[C>A]G	0.0023195129022905	0.0	0.0005060036651076
G[C>A]T	0.0707451435198608	0.0	0.0120415196520883
T[C>A]A	0.0	0.0	0.0008478980334235
T[C>A]C	0.0067169227795496	0.0	0.0075080003282185
T[C>A]G	0.0002899391127863	0.0006775067750677	0.0007248160608298
T[C>A]T	0.0347443703488934	0.0	0.0160621974234839
A[C>G]A	0.0096646370928771	0.0266485998193315	0.0032479964990016
A[C>G]C	0.0100995457620566	0.0136630532971996	0.001135089302809
A[C>G]G	0.0041557939499371	0.0	0.0004581384535433
A[C>G]T	0.0140137237846719	0.0240514905149051	0.0049437925658488
C[C>G]A	0.0193292741857543	0.0224706413730804	0.0004034353546128
C[C>G]C	0.0155600657195322	0.0221318879855465	0.0004376247914444
C[C>G]G	0.0064753068522277	0.0060975609756097	0.0006495992998003
C[C>G]T	0.0100512225765922	0.0143405600722674	0.0001230819725937
G[C>G]A	0.0160432975741761	0.0039521228545618	0.000300867044118
G[C>G]C	0.0113559485841307	0.0220189701897019	0.0021607724077569
G[C>G]G	0.0056538126993331	0.0037262872628726	0.0003282185935833
G[C>G]T	0.0194259205566831	0.0106142728093948	0.0029676431169825
T[C>G]A	0.0027544215714699	0.0106142728093948	2.05136620989579e-05
T[C>G]C	0.0029477143133275	0.0011291779584462	0.0
T[C>G]G	0.0031893302406494	0.0033875338753387	0.000150433522059
T[C>G]T	0.0158016816468542	0.0592818428184282	0.0019214463499357
A[C>T]A	0.0	0.0019196025293586	0.0462377943710511
A[C>T]C	0.0076350633033729	0.0042908762420957	0.0139356144525587
A[C>T]G	0.0038175316516864	0.0094850948509485	0.032165422171166
A[C>T]T	0.0317966560355659	0.0106142728093948	0.0270506824211592
C[C>T]A	0.0158983280177829	0.023486901535682	0.0098533956948661
C[C>T]C	0.0140620469701363	0.0161472448057814	0.0088824156888487
C[C>T]G	0.0	0.0024841915085817	0.0168622302453434
C[C>T]T	0.0163332366869624	0.019873532068654	0.0107218073903887
G[C>T]A	0.0151734802358171	0.0094850948509485	0.0573493613413199
G[C>T]C	0.0094713443510196	0.0071138211382113	0.0419504389923689
G[C>T]G	0.0	0.0138888888888889	0.0384494406608134
G[C>T]T	0.0100028993911279	0.0	0.0471950986023358
T[C>T]A	0.0172030540253214	0.0285682023486902	0.008417439347939
T[C>T]C	0.0128056441480622	0.009936766034327	0.0060036651076283
T[C>T]G	0.0022228665313617	0.0023712737127371	0.0068720768031509
T[C>T]T	0.0125157050352759	0.0167118337850045	0.0095867180875796
A[T>A]A	0.0062820141103701	0.0058717253839205	0.002420612127677
A[T>A]C	0.0095679907219483	0.0092592592592592	0.00222915128142
A[T>A]G	0.0073451241905866	0.0106142728093948	0.0024821531139739
A[T>A]T	0.0090364356818401	0.0212285456187895	0.0132381499411942
C[T>A]A	0.008649850198125	0.014453477868112	0.0016684445173819
C[T>A]C	0.0036725620952933	0.011743450767841	0.0054224446814912
C[T>A]G	0.0094230211655552	0.0167118337850045	0.0019419600120346
C[T>A]T	0.0099545762056634	0.0146793134598013	0.0019351221246683
G[T>A]A	0.0051222576592249	0.0006775067750677	0.0001914608462569
G[T>A]C	0.0105827776167005	0.0098238482384823	0.0011214135280763
G[T>A]G	0.0102445153184498	0.006323396567299	0.0014974973332239
G[T>A]T	0.0060403981830482	0.0145663956639566	0.0024889910013402
T[T>A]A	0.0183628104764666	0.0111788617886179	0.0049164410163835
T[T>A]C	0.0127573209625979	0.0097109304426377	0.001094061978611
T[T>A]G	0.0077317096743017	0.0025971093044263	0.0012034681764722
T[T>A]T	0.0219387262008312	0.0276648599819332	0.0065301824348349
A[T>C]A	0.0044940562481878	0.0141147244805781	0.0306816006126747
A[T>C]C	0.0197158596694694	0.009936766034327	0.0137304778315692
A[T>C]G	0.0275925389001643	0.0151309846431798	0.040924755887421
A[T>C]T	0.0075384169324441	0.0241644083107498	0.0121919531741473
C[T>C]A	0.0121774427370252	0.0023712737127371	0.0255873745247668
C[T>C]C	0.0145452788247801	0.0033875338753387	0.017368233910451
C[T>C]G	0.0354208949453948	0.0164859981933153	0.0499644429856951
C[T>C]T	0.010389484874843	0.0106142728093948	0.0210128278766992
G[T>C]A	0.0086015270126606	0.0120822041553749	0.0255395093132026
G[T>C]C	0.0121291195515608	0.015356820234869	0.0096961242854407
G[T>C]G	0.0167681453561419	0.0123080397470641	0.0195016547687426
G[T>C]T	0.0056538126993331	0.013550135501355	0.0133338803643226
T[T>C]A	0.0053155504010824	0.0197606142728094	0.0222026202784388
T[T>C]C	0.0151734802358171	0.0037262872628726	0.0130124996581056
T[T>C]G	0.0172513772107857	0.0068879855465221	0.0199256037854544
T[T>C]T	0.0228568667246545	0.006323396567299	0.0215256694291732
A[T>G]A	0.0011114332656808	0.0092592592592592	0.0004786521156423
A[T>G]C	0.0063303372958345	0.0040650406504065	0.001135089302809
A[T>G]G	0.0019812506040398	0.0109530261969286	0.0006495992998003
A[T>G]T	0.0069585387068715	0.0172764227642276	0.0025983971992013
C[T>G]A	0.0048806417319029	0.0082429990966576	0.000622247750335
C[T>G]C	0.0028993911278631	0.0023712737127371	0.0053745794699269
C[T>G]G	0.0074900937469798	0.0145663956639566	0.0062771806022811
C[T>G]T	0.0032859766115782	0.001806684733514	0.0051010639752742
G[T>G]A	0.0	0.0032746160794941	6.8378873663193e-06
G[T>G]C	0.004639025804581	0.0021454381210478	0.0002461639451874
G[T>G]G	0.0031893302406494	0.0151309846431798	0.0003760838051475
G[T>G]T	0.0024161592732192	0.0079042457091237	0.0009231147944531
T[T>G]A	0.0010147868947521	0.0230352303523035	2.05136620989579e-05
T[T>G]C	0.0039625012080796	0.0100496838301716	0.0004581384535433
T[T>G]G	0.005267227215618	0.017163504968383	0.0010803862038784
T[T>G]T	0.008021648787088	0.028906955736224	0.0021470966330242
